Miles,Stock,Year,Sub_Model,Price
98000,Used,2014,Luxury,28900
133167,Used,2014,Luxury,24744
106325,Used,2014,Base,27995
96889,Used,2014,Base,29995
81806,Used,2014,Base,25045
156390,Used,2014,Base,20999
156881,Used,2014,Base,20999
163847,Used,2014,Base,19999
159305,Used,2014,Base,22350
175163,Used,2014,Base,18169
120483,Used,2014,Base,24955
72571,Used,2014,Luxury,26995
103873,Used,2014,Base,21991
170995,Used,2014,Luxury,21585
89309,Used,2014,Base,29495
74497,Used,2014,Base,31294
85109,Used,2014,Base,23999
126561,Used,2014,Base,23483
149811,Used,2014,Base,20495
107971,Used,2014,Base,23978
137141,Used,2014,Luxury,23944
155698,Used,2014,Base,23998
88928,Used,2014,Base,26588
88314,Used,2014,Base,24495
171350,Used,2014,Base,19995
153858,Used,2014,Base,26999
101161,Used,2014,Base,23495
106988,Used,2014,Base,24988
132421,Used,2014,Base,20999
164363,Used,2014,Base,21064
135219,Used,2014,Base,22988
112359,Used,2014,Base,24882
164096,Used,2014,Luxury,20999
72498,Used,2014,Base,24995
116662,Used,2014,Base,25000
118146,Used,2014,Base,21995
92701,Used,2014,Premium,26895
112520,Used,2014,Base,25788
155141,Used,2014,Base,21588
134308,Used,2014,Luxury,23895
97592,Used,2014,Base,21899
140243,Used,2014,Base,22999
105824,Used,2014,Luxury,26995
175802,Used,2014,Base,18000
106981,Used,2014,Base,27599
57669,Used,2014,Base,28888
117079,Used,2014,Luxury,25818
112595,Used,2014,Base,23999
129477,Used,2014,Base,21995
116182,Used,2014,Base,24753
77160,Used,2014,Base,25699
176070,Used,2014,Base,18944
69455,Used,2014,Luxury,27096
138769,Used,2014,Base,20995
75768,Used,2014,Base,26499
69396,Used,2014,Base,26000
154464,Used,2014,Base,22495
98534,Used,2014,Base,22995
116480,Used,2014,Base,23987
115733,Used,2014,Base,23850
72750,Used,2014,Base,25890
77527,Used,2014,Base,25499
56248,Used,2014,Base,29999
129817,Used,2014,Luxury,23995
68816,Used,2014,Base,26903
125035,Used,2015,Base,19988
134788,Used,2015,Base,23500
93334,Used,2015,Base,24500
176052,Used,2015,Base,20488
105336,Used,2015,Base,24990
93076,Used,2015,Base,26891
138473,Used,2015,Base,19990
151694,Used,2015,Base,24995
135383,Used,2015,Luxury,22990
86249,Used,2015,Base,24998
138469,Used,2015,Base,24995
94170,Used,2015,Base,27950
101007,Used,2015,Base,20900
149443,Used,2015,Luxury,20974
104340,Used,2015,Base,27000
101103,Used,2015,Luxury,27718
86586,Used,2015,Base,25488
91805,Used,2015,Base,24998
118303,Used,2015,Base,24500
99870,Used,2015,Base,24995
109491,Used,2015,Base,22995
92453,Used,2015,Base,25989
68209,Used,2015,Base,32240
139507,Used,2015,Base,29995
122637,Used,2015,Base,22782
104988,Used,2015,Base,29888
191905,Used,2015,Luxury,20650
86917,Used,2015,Base,27281
91000,Used,2015,Base,28200
62391,Used,2015,Base,29995
85754,Used,2015,Luxury,28995
139557,Used,2015,Base,23498
84148,Used,2015,Luxury,29756
144008,Used,2015,Luxury,21999
80166,Used,2015,Base,24664
141756,Used,2015,Base,21700
73500,Used,2015,Luxury,30274
128583,Used,2015,Base,21174
94541,Used,2015,Luxury,29334
120000,Used,2015,Base,22995
111336,Used,2015,Luxury,26998
90850,Used,2015,Base,29991
123342,Used,2015,Base,22990
138118,Used,2015,Base,25990
90871,Used,2015,Base,24995
67500,Used,2015,Base,28200
136138,Used,2015,Luxury,22999
113020,Used,2015,Luxury,25990
62779,Used,2015,Luxury,33990
128242,Used,2015,Luxury,23999
165198,Used,2015,Base,19777
165282,Used,2015,Base,18500
95696,Used,2015,Luxury,25570
117697,Used,2015,Base,22948
171747,Used,2015,Base,23777
131400,Used,2015,Base,21988
77985,Used,2015,Luxury,28599
106099,Used,2015,Base,22903
79762,Used,2015,Base,25998
92185,Used,2015,Base,26418
115000,Used,2015,Base,21995
101153,Used,2015,Base,24995
110362,Used,2015,Luxury,23507
141000,Used,2015,Base,23499
132628,Used,2015,Base,18995
135390,Used,2015,Base,25900
97908,Used,2015,Base,24500
165000,Used,2015,Base,19999
94869,Used,2016,Base,27497
86562,Used,2016,Base,26700
56263,Used,2016,Base,26700
95198,Used,2016,Base,25994
80782,Used,2016,Luxury,29998
151503,Used,2016,Base,23295
45840,Used,2016,Base,32595
83921,Used,2016,Luxury,28998
98668,Used,2016,Base,27008
75304,Used,2016,Base,28965
168551,Used,2016,Base,22995
58957,Used,2016,Base,29999
82595,Used,2016,Luxury,27562
171947,Used,2016,Base,23397
106649,Used,2016,Base,22412
105560,Used,2016,Base,26290
67564,Used,2016,Luxury,31841
73094,Used,2016,Base,22500
80029,Used,2016,Base,25250
94073,Used,2016,Base,24995
65800,Used,2016,Base,28400
104023,Used,2016,Base,26745
79037,Used,2016,Base,30000
87965,Used,2016,Base,25555
51469,Used,2016,Base,30140
79360,Used,2016,Base,25995
100019,Used,2016,Base,25995
86162,Used,2016,Luxury,28490
118424,Used,2016,Luxury,25555
152761,Used,2016,Base,19997
100331,Used,2016,Base,25990
106459,Used,2016,Base,23995
74827,Used,2016,Base,27568
78783,Used,2016,Base,27999
87448,Used,2016,Base,28829
70193,Used,2016,Base,29995
81559,Used,2016,Base,29998
79650,Used,2016,Luxury,24991
113464,Used,2016,Base,25900
128288,Used,2016,Base,24285
83113,Used,2016,Base,29950
89804,Used,2016,Base,22979
111817,Used,2016,Base,21490
94076,Used,2016,Base,28250
135875,Used,2016,Base,24627
84411,Used,2016,Luxury,30495
86809,Used,2016,Luxury,27000
73381,Used,2016,Base,27998
56463,Used,2016,Base,31559
74944,Used,2016,Base,25499
57259,Used,2016,Luxury,29991
115521,Used,2016,Base,24888
140551,Used,2016,Base,22885
135720,Used,2016,Base,20495
42000,Used,2016,Base,33777
54048,Used,2016,Base,21999
65631,Used,2017,Base,32590
105310,Used,2017,Base,24000
81088,Used,2017,Base,28982
145832,Used,2017,Luxury,24699
118127,Used,2017,Luxury,35995
60042,Used,2017,Base,37781
89957,Used,2017,Luxury,30987
85033,Used,2017,Base,29663
133190,Used,2017,Base,24400
91031,Used,2017,Luxury,30000
85278,Used,2017,Base,28995
91510,Used,2017,Base,29995
133990,Used,2017,Base,23668
81549,Used,2017,Base,28393
84108,Used,2017,Base,29995
60402,Used,2017,Base,31995
95442,Used,2017,Base,24995
105690,Used,2017,Luxury,27994
82370,Used,2017,Base,25499
97067,Used,2017,Base,26879
97898,Used,2017,Base,26990
98226,Used,2017,Base,29980
80873,Used,2017,Base,30277
52054,Used,2017,Base,31000
90168,Used,2017,Base,29998
64438,Used,2017,Base,31884
59582,Used,2017,Base,31500
76062,Used,2017,Base,32901
107687,Used,2017,Base,27998
62983,Used,2017,Base,33990
84248,Used,2017,Base,28000
70041,Used,2017,Base,30993
89177,Used,2017,Base,29999
78749,Used,2017,Base,29978
85539,Used,2017,Base,26999
79648,Used,2017,Base,28549
95801,Used,2017,Base,24372
73959,Used,2017,Base,34999
115837,Used,2017,Luxury,27995
191119,Used,2017,Base,22495
57958,Used,2017,Luxury,34991
131522,Used,2017,Base,25995
100506,Used,2017,Base,26998
107300,Used,2017,Luxury,26317
88676,Used,2017,Base,24899
62133,Used,2017,Base,31998
73702,Used,2017,Base,29590
94745,Used,2017,Base,26999
91880,Used,2017,Base,28691
96256,Used,2017,Base,30900
81745,Used,2017,Base,28599
54439,Used,2017,Base,30500
67635,Used,2017,Base,27998
66937,Used,2017,Base,32950
65731,Used,2017,Base,29799
61876,Used,2017,Base,33998
100971,Used,2017,Base,28800
126808,Used,2017,Base,29896
143991,Used,2017,Base,23499
81253,Used,2017,Base,30590
93297,Used,2017,Base,29998
85537,Used,2017,Base,28998
52157,Used,2017,Base,29500
98056,Used,2017,Base,28898
78377,Used,2017,Base,30988
103223,Used,2017,Base,24598
85867,Used,2017,Base,27495
88036,Used,2017,Base,30995
60074,Used,2017,Base,29998
72986,Used,2017,Base,29575
96347,Used,2017,Base,28995
109819,Used,2017,Luxury,29851
76080,Used,2017,Base,31998
90433,Used,2017,Base,27500
68991,Used,2017,Base,31995
114452,Used,2017,Base,22744
48927,Used,2017,Base,27995
47083,Used,2017,Base,32800
70717,Used,2017,Base,33874
70653,Used,2017,Base,22997
68073,Used,2017,Base,29800
79787,Used,2017,Base,31998
44568,Used,2017,Base,32350
60400,Used,2017,Base,24499
94692,Used,2017,Luxury,27999
104418,Used,2017,Base,26987
68440,Used,2018,Luxury,36000
80311,Used,2018,Base,29500
90816,Used,2018,Base,30990
42711,Used,2018,Base,33895
108760,Used,2018,Base,27555
51034,Used,2018,Luxury,36991
37118,Used,2018,Base,37995
28529,Used,2018,Base,39989
85401,Used,2018,Base,30595
52830,Used,2018,Base,36995
19302,Used,2018,Base,43995
41042,Used,2018,Base,32446
90811,Used,2018,Base,29988
78891,Used,2018,Luxury,32820
119030,Used,2018,Base,24297
107622,Used,2018,Base,27331
114195,Used,2018,Base,28197
43180,Used,2018,Luxury,36990
75714,Used,2018,Base,29988
61171,Used,2018,Base,31990
63773,Used,2018,Luxury,39998
74959,Used,2018,Base,31988
113702,Used,2018,Luxury,26999
88110,Used,2018,Premium,29905
95667,Used,2018,Luxury,30684
85873,Used,2018,Luxury,36000
85474,Used,2018,Base,31671
44205,Used,2018,Luxury,38880
73021,Used,2018,Base,31499
58593,Used,2018,Base,33943
68328,Used,2018,Premium,33995
44764,Used,2018,Base,34089
50286,Used,2018,Base,30900
88419,Used,2018,Base,30990
41630,Used,2018,Base,34306
88104,Used,2018,Base,30700
96753,Used,2018,Base,28955
81479,Used,2018,Base,30950
61734,Used,2018,Base,35000
42148,Used,2018,Luxury,38700
47700,Used,2018,Premium,30795
72555,Used,2018,Luxury,34000
47801,Used,2018,Base,40988
62510,Used,2018,Base,33994
89939,Used,2018,Base,27785
61455,Used,2018,Base,31920
79138,Used,2018,Base,33493
100961,Used,2018,Base,28527
91583,Used,2018,Luxury,34988
70062,Used,2018,Base,32288
79616,Used,2018,Base,30490
65960,Used,2018,Base,33998
70499,Used,2018,Base,34500
94999,Used,2018,Base,32997
125652,Used,2018,Base,25995
58626,Used,2018,Premium,30700
116096,Used,2018,Base,27988
66436,Used,2018,Base,33998
106680,Used,2018,Luxury,31991
107039,Used,2018,Base,26897
77976,Used,2018,Base,30995
75376,Used,2018,Luxury,34998
74553,Used,2018,Base,33999
53166,Used,2018,Base,35471
96531,Used,2018,Base,26516
65661,Used,2018,Base,34986
93274,Used,2018,Base,30798
77723,Used,2018,Premium,29900
55898,Used,2018,Base,29900
58822,Used,2018,Base,32900
111071,Used,2018,Premium,28999
76681,Used,2018,Base,30885
56417,Used,2018,Base,33738
62537,Used,2018,Base,34998
56718,Used,2018,Base,36595
76359,Used,2018,Luxury,33899
56412,Used,2018,Base,32995
56450,Used,2018,Base,31500
47660,Used,2018,Base,33055
94549,Used,2018,Base,30287
83531,Used,2018,Luxury,38775
51359,Used,2018,Base,32995
78119,Used,2018,Luxury,34499
59154,Used,2018,Base,35680
77861,Used,2018,Base,32995
57957,Used,2018,Base,31549
38500,Used,2018,Premium,32995
56187,Used,2018,Base,34988
53640,Used,2018,Base,32950
95249,Used,2018,Base,30975
46997,Used,2018,Luxury,39881
63990,Used,2018,Base,32526
51578,Used,2018,Base,32900
86033,Used,2018,Luxury,32999
85770,Used,2018,Luxury,33850
73655,Used,2018,Base,31899
77298,Used,2018,Base,31888
62105,Used,2019,Base,35995
93770,Used,2019,Base,33794
58900,Used,2019,Base,33966
59132,Used,2019,Base,43800
39699,Used,2019,Base,39500
55468,Used,2019,Luxury,39640
30000,Used,2019,Premium,43995
86913,Used,2019,Base,33900
107647,Used,2019,Base,29400
51562,Used,2019,Base,36497
59550,Used,2019,Base,32820
90163,Used,2019,Premium,30080
41137,Used,2019,Luxury,40977
61113,Used,2019,Luxury,39991
95713,Used,2019,Base,27999
51618,Used,2019,Luxury,40677
80779,Used,2019,Base,34995
48789,Used,2019,Luxury,43999
53661,Used,2019,Base,32458
53195,Used,2019,Base,37341
34778,Used,2019,Base,39000
48044,Used,2019,Base,37898
104516,Used,2019,Base,27990
55076,Used,2019,Luxury,37985
46472,Used,2019,Base,35499
54734,Used,2019,Base,34886
55029,Used,2019,Premium,34995
59755,Used,2019,Base,34695
62156,Used,2019,Base,36200
33042,Used,2019,Premium,38488
50260,Used,2019,Luxury,42888
48847,Used,2019,Base,37000
34782,Used,2019,Base,37153
42442,Used,2019,Base,37299
47011,Used,2019,Base,38429
13422,Used,2019,Base,41998
27636,Used,2019,Base,38998
29050,Used,2019,Base,36620
38587,Used,2019,Premium,40000
64369,Used,2019,Base,35888
36683,Used,2019,Base,37651
92797,Used,2019,Base,29373
45187,Used,2019,Luxury,40678
62827,Used,2019,Premium,36700
82211,Used,2019,Base,32595
79675,Used,2019,Base,31748
39854,Used,2019,Base,38729
44418,Used,2019,Base,33999
37982,Used,2019,Base,35000
67896,Used,2019,Premium,34943
125384,Used,2019,Base,30880
46322,Used,2019,Base,33999
48800,Used,2019,Luxury,39950
76037,Used,2019,Luxury,36312
50370,Used,2019,Premium,35000
52728,Used,2019,Premium,35995
60130,Used,2019,Premium,35239
41806,Used,2019,Base,36929
55277,Used,2019,Luxury,41771
59555,Used,2019,Premium,33589
89330,Used,2019,Base,36388
78975,Used,2019,Base,30995
81135,Used,2019,Base,32299
84899,Used,2019,Luxury,36997
56670,Used,2019,Base,33100
27452,Used,2019,Base,40988
53664,Used,2019,Premium,36490
65779,Used,2019,Base,33497
62155,Used,2019,Base,34880
31723,Used,2019,Luxury,47595
82432,Used,2019,Base,30977
77444,Used,2019,Base,37662
59887,Used,2019,Base,33888
30945,Used,2019,Base,39998
72833,Used,2019,Luxury,37826
54638,Used,2019,Premium,32000
85379,Used,2019,Premium,29780
105626,Used,2019,Base,28786
54396,Used,2019,Base,34999
52866,Used,2019,Base,34589
36976,Used,2019,Base,38944
50734,Used,2019,Base,35300
42532,Used,2019,Premium,37990
24088,Used,2019,Base,41995
63505,Used,2019,Base,34287
64252,Used,2019,Base,34400
80562,Used,2019,Premium,27499
65204,Used,2019,Luxury,39658
34346,Used,2019,Luxury,39299
57814,Used,2019,Base,36402
26267,Used,2019,Base,39905
73206,Used,2019,Base,31490
52090,Used,2019,Luxury,38600
112738,Used,2019,Premium,28980
30230,Used,2019,Base,37888
44419,Used,2019,Base,37999
51726,Used,2019,Premium,38495
69000,Used,2019,Luxury,38000
97108,Used,2019,Base,31499
42938,Used,2019,Base,32899
82300,Used,2019,Luxury,36553
44197,Used,2019,Base,37499
78783,Used,2019,Luxury,36000
35364,Used,2019,Premium,38990
31191,Certified,2019,Luxury,49999
18606,Used,2019,Premium,42998
59643,Used,2019,Base,36998
58862,Used,2019,Base,34743
45058,Used,2019,Base,34800
51619,Used,2019,Base,37985
66965,Used,2019,Base,36821
44892,Used,2019,Base,39990
80302,Used,2019,Base,32998
59675,Used,2019,Base,37225
28932,Used,2019,Base,37092
131835,Used,2019,Base,30000
87103,Used,2019,Base,32490
33560,Used,2019,Base,38903
33431,Used,2019,Base,37021
55305,Used,2019,Premium,31449
51546,Used,2019,Base,34500
64476,Used,2019,Base,34230
67756,Used,2019,Base,31000
62253,Used,2019,Base,32990
62386,Used,2019,Luxury,36958
38130,Used,2019,Base,41995
22916,Used,2019,Base,40995
72301,Used,2019,Base,35598
95367,Used,2019,Base,32947
64365,Used,2019,Luxury,38500
67793,Used,2019,Luxury,39998
88630,Used,2019,Base,32072
69339,Used,2019,Luxury,34998
73056,Used,2019,Base,31800
77751,Used,2019,Base,36995
82279,Used,2019,Base,35306
30118,Used,2019,Base,37998
40193,Used,2019,Luxury,44998
74588,Used,2019,Premium,41330
46277,Used,2019,Base,41499
40582,Used,2019,Base,40098
61898,Used,2019,Premium,33552
34527,Used,2019,Premium,44980
42114,Used,2019,Base,40699
89365,Used,2019,Premium,33844
72288,Used,2019,Base,33995
50030,Used,2019,Luxury,35995
40,Used,2019,Base,36988
67697,Used,2020,Luxury,42000
63065,Used,2020,Luxury,48950
27493,Used,2020,Premium,44989
48102,Used,2020,Base,43210
26766,Used,2020,Luxury,43000
68021,Used,2020,Premium,37732
34637,Used,2020,Luxury,44900
59978,Used,2020,Base,39395
59442,Used,2020,Base,39498
77515,Used,2020,Base,37362
114349,Used,2020,Premium,36928
43269,Used,2020,Premium,39988
41026,Used,2020,Luxury,46500
23486,Used,2020,Base,40453
41000,Used,2020,Premium,37997
82748,Used,2020,Premium,35790
27270,Used,2020,Base,44650
46549,Used,2020,Luxury,44950
28339,Used,2020,Base,43998
39753,Used,2020,Base,41950
21680,Used,2020,Base,42999
29913,Used,2020,Base,44998
28739,Used,2020,Base,44000
48256,Used,2020,Base,39000
45326,Used,2020,Luxury,46032
37521,Used,2020,Luxury,44733
61552,Used,2020,Base,39400
86490,Used,2020,Luxury,40995
65679,Used,2020,Premium,38999
58732,Used,2020,Base,41700
46923,Used,2020,Base,39987
41251,Used,2020,Premium,38941
36976,Used,2020,Base,39500
32882,Used,2020,Premium,40749
29732,Used,2020,Base,41998
28458,Used,2020,Luxury,49998
60447,Used,2020,Premium,38632
39203,Used,2020,Base,43810
37219,Used,2020,Premium,69999
41327,Used,2020,Base,40000
29049,Used,2020,Premium,43974
39514,Used,2020,Luxury,43756
76894,Used,2020,Base,39995
42019,Used,2020,Base,39998
88772,Used,2020,Base,35496
90689,Used,2020,Base,36757
39317,Used,2020,Base,43420
56445,Used,2020,Base,41900
28001,Used,2020,Premium,44541
44401,Used,2020,Base,43455
20395,Used,2020,Base,45631
32576,Used,2020,Premium,44548
31607,Used,2020,Premium,41490
45584,Used,2020,Luxury,45989
107057,Used,2020,Base,34900
42001,Used,2020,Base,41990
56867,Used,2020,Base,37928
33202,Used,2020,Base,40800
36141,Used,2020,Premium,44885
41002,Used,2020,Base,41998
38554,Used,2020,Luxury,42880
71935,Used,2020,Premium,38299
51397,Used,2020,Premium,36000
64355,Used,2020,Base,39385
73715,Used,2020,Base,37674
63129,Used,2020,Base,41977
57197,Used,2020,Premium,39925
69661,Used,2020,Base,36892
53050,Used,2020,Base,39987
42830,Used,2020,Base,43999
27376,Used,2020,Premium,38752
26475,Used,2020,Base,42999
36917,Used,2020,Base,37991
38870,Used,2020,Base,44888
33342,Used,2020,Luxury,43750
23606,Used,2020,Base,38242
60910,Used,2020,Base,37997
39431,Used,2020,Base,38991
44756,Used,2020,Premium,40995
33317,Used,2020,Base,46662
60825,Used,2020,Luxury,41319
21426,Used,2020,Base,46998
59040,Used,2020,Premium,38998
27518,Used,2020,Base,44989
57767,Used,2020,Luxury,44908
44330,Used,2020,Premium,39995
17334,Used,2020,Base,44998
44039,Used,2020,Base,42988
44764,Used,2020,Base,41998
28948,Used,2020,Base,39499
17941,Used,2020,Base,45998
22300,Used,2020,Base,41773
37033,Used,2020,Base,41998
44498,Used,2020,Base,40880
45022,Used,2020,Luxury,41491
51117,Used,2020,Base,37999
45591,Used,2020,Premium,44998
36005,Used,2020,Base,38880
12957,Used,2020,Base,46000
21736,Used,2020,Base,44998
23972,Used,2020,Premium,45960
41813,Used,2020,Premium,40977
34034,Used,2020,Premium,40999
42772,Used,2020,Base,41165
58744,Used,2020,Base,39995
61228,Used,2020,Base,39998
62361,Used,2020,Base,40218
53695,Used,2020,Premium,38900
47179,Used,2020,Base,39997
28946,Used,2020,Base,43998
24645,Used,2020,Base,43998
42610,Used,2020,Luxury,41520
38764,Used,2020,Premium,43234
27887,Used,2020,Base,45400
26872,Used,2020,Base,43998
101418,Used,2020,Base,35400
28395,Used,2020,Base,41998
38261,Used,2020,Premium,42980
36507,Used,2020,Premium,33795
37612,Used,2020,Base,44975
42757,Used,2021,Base,40998
25970,Used,2021,Premium,43999
43727,Used,2021,Base,45300
46440,Used,2021,Premium,45000
52335,Used,2021,Luxury,48502
9990,Used,2021,Base,44998
33428,Used,2021,Base,48996
18906,Used,2021,Base,48550
47071,Used,2021,Premium,48950
69250,Used,2021,Base,39997
31290,Used,2021,Premium,46900
45584,Used,2021,Base,44995
17938,Used,2021,Base,46395
34633,Used,2021,Base,44490
24044,Used,2021,Base,48985
16121,Used,2021,Base,50998
53293,Used,2021,Premium,41987
9395,Used,2021,Base,47550
26989,Used,2021,Premium,47501
36650,Used,2021,Base,43995
36101,Used,2021,Premium,44900
25489,Used,2021,Premium,44866
17204,Used,2021,Base,47799
33420,Used,2021,Base,42998
51920,Used,2021,Premium,39987
45429,Used,2021,Premium,46864
74293,Used,2021,Luxury,42787
19870,Used,2021,Base,47495
32471,Used,2021,Premium,44988
47786,Used,2021,Premium,45999
36393,Used,2021,Base,43894
50573,Used,2021,Luxury,46995
47722,Used,2021,Premium,44487
46952,Used,2021,Base,38996
41113,Used,2021,Base,42700
37105,Used,2021,Base,43981
24429,Used,2021,Premium,46324
34751,Used,2021,Premium,44626
27190,Used,2021,Base,43649
42226,Used,2021,Premium,43689
52850,Used,2021,Base,39990
63793,Used,2021,Premium,40794
31378,Used,2021,Premium,42995
15729,Used,2021,Base,48798
51333,Used,2021,Base,42490
78400,Used,2021,Luxury,43859
60924,Used,2021,Luxury,44361
70982,Used,2021,Luxury,44459
10407,Used,2021,Luxury,48000
48721,Used,2021,Base,44011
23481,Used,2021,Base,48360
55313,Used,2021,Base,41920
41435,Used,2021,Base,41680
64332,Used,2021,Base,39444
24420,Used,2021,Luxury,49999
47646,Used,2021,Base,47000
35751,Used,2021,Base,42990
44875,Used,2021,Base,42990
38151,Used,2021,Base,45990
47120,Used,2021,Base,41000
46689,Used,2021,Base,46996
37225,Used,2021,Base,49990
42283,Used,2021,Base,44998
59518,Used,2021,Premium,42989
43071,Used,2021,Base,45344
33206,Used,2021,Base,48999
61723,Used,2021,Luxury,46181
48734,Used,2021,Base,46500
38599,Used,2021,Base,43995
41500,Used,2021,Premium,44998
45985,Used,2021,Base,42000
40633,Used,2021,Base,41995
17009,Used,2021,Base,44988
28024,Used,2021,Premium,45981
17326,Used,2021,Base,49981
24862,Used,2021,Premium,43987
54214,Used,2021,Base,41492
60612,Used,2021,Luxury,44499
34490,Used,2021,Base,45955
33736,Used,2021,Base,43998
32868,Used,2021,Base,45250
29230,Used,2021,Premium,50000
36414,Used,2021,Base,44900
82882,Used,2021,Premium,38998
22928,Used,2021,Base,46988
32014,Used,2021,Base,46995
65485,Used,2021,Base,39992
20390,Used,2021,Base,46888
28736,Used,2021,Luxury,47800
66244,Used,2021,Base,39071
55925,Used,2021,Base,38914
55717,Used,2021,Premium,39299
24940,Used,2021,Base,45998
47892,Used,2021,Base,44000
36298,Used,2021,Premium,44000
35861,Used,2021,Luxury,48145
39845,Used,2021,Premium,43885
52637,Used,2021,Base,45991
53618,Used,2021,Base,37997
29838,Used,2021,Base,46673
24500,Used,2021,Base,49698
34422,Used,2021,Base,46583
9031,Used,2021,Base,47000
21107,Used,2021,Base,52999
54237,Used,2021,Base,43482
27754,Used,2021,Base,46998
44001,Used,2021,Base,47300
42930,Used,2021,Premium,44998
122220,Used,2021,Base,31987
35557,Used,2021,Base,44944
46871,Used,2021,Premium,42880
52000,Used,2021,Premium,44000
26636,Used,2021,Base,47387
86915,Used,2021,Luxury,43990
20730,Used,2021,Base,49938
26204,Used,2021,Base,46998
40035,Used,2021,Base,44999
50423,Used,2021,Base,40995
44640,Used,2021,Premium,45687
90555,Used,2021,Luxury,41061
35431,Used,2021,Base,43295
34064,Used,2021,Premium,41999
62901,Used,2021,Base,44993
61612,Used,2021,Base,41888
37398,Used,2021,Luxury,50555
82085,Used,2021,Luxury,42998
44620,Used,2021,Base,39990
32724,Used,2021,Base,44998
43277,Used,2021,Premium,39750
25232,Used,2021,Luxury,50000
20673,Used,2021,Base,50993
25030,Used,2021,Premium,44687
19406,Used,2021,Base,50993
38176,Used,2021,Base,40497
38821,Used,2021,Base,42561
9131,Used,2021,Base,50220
26594,Used,2021,Base,45000
16442,Used,2021,Base,47900
34113,Used,2021,Premium,43103
31802,Used,2021,Base,44554
21552,Used,2021,Base,46313
22425,Used,2021,Base,45980
58717,Used,2021,Base,40000
21271,Used,2021,Base,47395
38365,Used,2021,Base,43998
19995,Used,2021,Luxury,49899
54198,Used,2021,Premium,41834
34361,Used,2021,Base,44399
50470,Used,2021,Base,43998
28254,Used,2021,Premium,45999
37968,Used,2021,Premium,40799
31910,Used,2021,Premium,48974
36749,Used,2021,Base,46292
22125,Used,2021,Base,45891
68429,Used,2021,Premium,37511
27904,Used,2021,Base,62014
49571,Used,2021,Base,41999
38875,Used,2021,Premium,39995
29685,Used,2021,Base,48990
45684,Used,2021,Premium,43997
50989,Used,2021,Base,42499
43012,Used,2021,Base,44990
15007,Certified,2021,Luxury,57998
26899,Used,2021,Base,45787
35825,Certified,2021,Premium,50895
49442,Used,2021,Premium,40899
24041,Used,2021,Base,49990
23611,Used,2021,Base,42998
26275,Used,2021,Base,48698
42825,Used,2021,Premium,49920
20707,Used,2021,Base,47988
31434,Used,2021,Premium,40788
22108,Used,2021,Base,40995
19889,Used,2021,Base,46959
25379,Used,2021,Premium,46373
16818,Used,2021,Base,50988
29128,Used,2021,Base,44984
42101,Certified,2021,Premium,49995
40607,Used,2021,Luxury,48995
33267,Used,2021,Base,43000
18608,Used,2021,Base,48899
35374,Used,2021,Base,44998
60749,Used,2021,Base,42990
15358,Used,2021,Luxury,57985
70428,Used,2021,Base,37488
38529,Used,2021,Base,42488
22778,Used,2021,Base,44995
59111,Used,2021,Base,42500
57416,Used,2021,Base,41998
43967,Used,2021,Premium,41440
51750,Used,2021,Premium,49645
46719,Used,2021,Premium,43000
52912,Used,2021,Base,40990
19151,Used,2021,Luxury,47897
40479,Used,2021,Base,42680
33259,Used,2021,Base,42699
23358,Used,2021,Base,48998
43493,Used,2021,Premium,42477
92947,Used,2021,Base,40888
46144,Used,2021,Luxury,46987
9540,Used,2021,Luxury,54998
33736,Used,2021,Luxury,46998
48448,Used,2021,Luxury,49997
15318,Used,2021,Base,49995
58866,Used,2021,Base,37883
42343,Used,2021,Luxury,47498
28121,Used,2021,Premium,45000
59096,Used,2021,Premium,41749
19675,Used,2021,Luxury,47499
41644,Used,2021,Luxury,49491
43977,Used,2021,Base,43998
5887,Used,2021,Premium,49995
18066,Used,2021,Base,49990
35369,Used,2021,Base,44999
36701,Used,2021,Base,43900
35957,Used,2021,Base,43816
40167,Used,2021,Base,45999
29808,Used,2021,Base,46900
41602,Used,2021,Luxury,46990
35479,Used,2021,Premium,44590
19846,Used,2021,Base,47998
24025,Used,2021,Base,50299
39958,Used,2021,Luxury,45662
30398,Used,2021,Premium,49788
20927,Used,2021,Luxury,51998
29029,Used,2021,Base,46611
81660,Used,2021,Base,38888
31950,Used,2021,Premium,48900
44056,Used,2021,Base,44569
38779,Used,2021,Base,43998
32051,Used,2021,Luxury,51998
42441,Used,2021,Luxury,46661
37646,Used,2021,Luxury,48000
41558,Used,2021,Base,45991
37434,Used,2021,Base,52929
11010,Used,2021,Base,50995
25967,Used,2021,Base,47998
46346,Used,2021,Base,45014
30000,Used,2021,Base,46534
25283,Used,2021,Base,46233
30503,Used,2021,Base,41779
33040,Used,2021,Base,42428
49021,Used,2021,Base,40933
31735,Used,2021,Premium,46989
21383,Used,2021,Base,47998
65074,Used,2021,Base,39925
30404,Used,2021,Base,47995
37321,Used,2021,Base,45998
22476,Used,2021,Base,48983
28215,Used,2021,Luxury,49223
31304,Used,2021,Base,49981
31601,Used,2021,Luxury,49888
41679,Used,2021,Base,39888
36355,Used,2021,Premium,46977
72329,Used,2021,Base,41996
22036,Used,2021,Base,45495
31350,Used,2021,Base,45000
30689,Used,2021,Base,42500
47559,Used,2021,Base,38490
26671,Used,2021,Base,44991
46102,Used,2021,Base,49425
39085,Used,2021,Premium,46999
64045,Used,2021,Base,38790
45465,Used,2021,Premium,40650
20456,Used,2021,Premium,43995
43754,Used,2021,Base,46598
36318,Used,2021,Base,39999
34266,Used,2021,Base,41962
48929,Used,2021,Base,43262
48683,Used,2021,Premium,41185
31293,Used,2021,Base,46990
25598,Used,2021,Base,46991
25172,Used,2021,Base,43998
20253,Used,2021,Base,49462
59585,Used,2021,Base,39998
42908,Used,2021,Base,49069
11245,Used,2021,Premium,47000
30425,Used,2021,Premium,42655
60370,Used,2021,Premium,40989
28743,Used,2021,Base,42333
37137,Used,2021,Base,44400
30540,Used,2021,Base,46989
27224,Used,2021,Premium,46488
29990,Used,2021,Base,47990
22340,Used,2021,Premium,47676
40477,Used,2021,Premium,42499
30042,Used,2021,Base,43998
37751,Used,2021,Base,41500
34646,Used,2021,Premium,41690
23759,Used,2021,Premium,42999
26006,Used,2021,Luxury,44782
31102,Used,2021,Base,44998
33210,Used,2021,Base,48300
33744,Used,2021,Luxury,51598
33769,Used,2021,Premium,45448
42068,Used,2021,Base,40988
43117,Used,2021,Premium,47699
25679,Used,2021,Base,46226
41628,Used,2021,Base,44988
28696,Used,2021,Base,47700
49171,Used,2021,Base,38692
29892,Used,2021,Base,51903
15450,Used,2021,Base,50333
46676,Used,2021,Base,43295
51152,Used,2021,Base,39871
16080,Used,2021,Base,48998
18885,Used,2021,Base,49998
28238,Used,2021,Base,40887
47240,Used,2021,Base,41983
15193,Used,2021,Premium,49983
26664,Used,2021,Base,50911
39091,Certified,2021,Premium,49995
65231,Used,2021,Base,40444
54030,Used,2021,Premium,41995
48011,Used,2021,Premium,44750
21847,Used,2021,Base,44499
19850,Used,2021,Base,49988
65192,Used,2021,Premium,43758
25569,Used,2021,Base,50662
35592,Used,2021,Base,47743
49981,Used,2021,Base,44396
51216,Used,2021,Premium,42668
19053,Used,2021,Premium,52998
51382,Used,2021,Base,46988
41326,Used,2021,Base,46889
40238,Used,2021,Base,44499
21147,Used,2021,Base,47688
24417,Used,2021,Base,47495
27059,Used,2021,Premium,44550
28214,Used,2021,Premium,43336
39697,Used,2021,Base,44449
38089,Used,2021,Base,47995
46903,Used,2021,Base,42800
35179,Used,2021,Luxury,48998
47340,Used,2021,Base,46990
38269,Used,2021,Base,47495
27631,Used,2021,Premium,49999
26492,Used,2021,Base,48988
45235,Used,2021,Base,45104
12416,Used,2021,Base,47207
36303,Used,2021,Base,42998
48371,Used,2021,Base,42998
66929,Used,2021,Base,19450
88800,Used,2021,Premium,34998
32553,Used,2021,Base,49495
15967,Used,2021,Base,45988
31338,Used,2021,Premium,37450
62797,Used,2021,Base,44695
35562,Used,2021,Base,46995
20263,Used,2021,Base,49992
47806,Used,2021,Premium,39999
87315,Used,2021,Base,38999
9100,Used,2022,Premium,51500
48864,Used,2022,Base,49000
20012,Used,2022,Base,54924
12023,Used,2022,Base,54497
6028,Used,2022,Luxury,54930
31510,Used,2022,Base,53300
28741,Used,2022,Luxury,55998
15732,Used,2022,Base,54991
33957,Used,2022,Base,56900
44391,Used,2022,Premium,46000
30814,Used,2022,Base,49262
14478,Used,2022,Base,51500
38145,Used,2022,Premium,45910
30115,Used,2022,Base,50995
30752,Used,2022,Base,50827
32728,Used,2022,Premium,54500
25890,Used,2022,Base,52565
32759,Used,2022,Base,52991
22614,Used,2022,Base,48450
30515,Used,2022,Premium,51545
23650,Used,2022,Base,52979
26038,Used,2022,Base,52944
52110,Used,2022,Base,45994
27589,Used,2022,Premium,51251
23731,Used,2022,Base,54822
23110,Used,2022,Base,54585
38215,Used,2022,Base,48998
19457,Used,2022,Base,51995
54972,Used,2022,Premium,53995
42867,Used,2022,Premium,51949
8060,Used,2022,Base,62999
30106,Used,2022,Luxury,52900
56459,Used,2022,Base,45998
23246,Used,2022,Premium,52958
21276,Used,2022,Premium,54859
26485,Used,2022,Premium,49881
51475,Used,2022,Premium,53995
15175,Used,2022,Base,51589
36763,Used,2022,Premium,50588
32238,Used,2022,Base,48995
24689,Used,2022,Base,52250
22907,Used,2022,Base,54194
20151,Used,2022,Base,53977
27156,Used,2022,Base,53268
19940,Used,2022,Base,50789
39690,Used,2022,Luxury,53995
6808,Certified,2022,Base,60988
11484,Used,2022,Base,56998
58901,Used,2022,Base,48999
27025,Certified,2022,Premium,53995
8015,Used,2022,Base,54998
42250,Used,2022,Base,46995
31950,Used,2022,Luxury,52000
35744,Used,2022,Base,51712
12176,Used,2022,Base,54899
25387,Used,2022,Base,54990
27794,Used,2022,Base,47488
34375,Used,2022,Base,52700
51301,Used,2022,Base,50495
18441,Used,2022,Premium,59995
34428,Used,2022,Premium,53500
22789,Used,2022,Base,53000
26605,Used,2022,Base,49200
38907,Used,2022,Base,42998
19735,Used,2022,Base,58968
36747,Used,2022,Base,47995
14842,Used,2022,Luxury,58977
17981,Used,2022,Base,53995
18497,Used,2022,Base,55989
28321,Used,2022,Premium,53995
17069,Used,2022,Premium,47995
29118,Used,2022,Premium,52076
29000,Used,2022,Premium,49000
25440,Used,2022,Base,53998
36554,Used,2022,Luxury,53318
69128,Used,2022,Base,46177
22078,Used,2022,Base,49800
27839,Used,2022,Base,51920
21557,Used,2022,Premium,49995
20922,Used,2022,Base,48999
21019,Used,2022,Premium,48490
35326,Used,2022,Premium,49998
29360,Used,2022,Base,48688
22407,Used,2022,Premium,47975
12753,Used,2022,Base,54998
36515,Used,2022,Base,53000
30213,Used,2022,Base,53935
16392,Used,2022,Base,52920
35521,Used,2022,Premium,52900
23416,Used,2022,Base,54163
33534,Used,2022,Base,49988
36415,Used,2022,Luxury,52988
30892,Used,2022,Base,54990
9159,Used,2022,Base,54995
53000,Used,2022,Luxury,75000
8021,Used,2022,Base,51986
17370,Certified,2022,Premium,55995
15523,Used,2022,Base,52979
30415,Used,2022,Base,56892
23867,Used,2022,Base,53892
57209,Used,2022,Base,47395
44925,Used,2022,Luxury,52544
2695,Used,2023,Luxury,62750
12380,Used,2023,Premium,57999
14501,Used,2023,Premium,56900
6061,Used,2023,Base,61897
4281,Used,2023,Luxury,68950
11044,Used,2023,Premium,58998
16925,Used,2023,Base,55997
0,New,2023,Luxury,72435
0,New,2023,Luxury,73080
39017,Used,2023,Base,56000
0,New,2023,Base,64865
17304,Used,2023,Luxury,64997
16515,Used,2023,Base,57526
0,New,2023,Base,62270
0,New,2023,Base,65700
6268,Used,2023,Base,57998
15142,Used,2023,Luxury,66987
6630,Used,2023,Luxury,60697
10393,Used,2023,Base,62203
28133,Used,2023,Base,56990
11139,Used,2023,Premium,60000
19494,Used,2023,Base,56988
12432,Used,2023,Luxury,66990
19416,Used,2023,Base,62995
2185,Used,2023,Base,63899
2605,Used,2023,Base,60344
2077,Used,2023,Premium,59558
1350,Used,2023,Premium,60000
6520,Used,2023,Base,58891
9385,Used,2023,Base,58995
11284,Used,2023,Base,60999
9352,Used,2023,Premium,60750
2248,Used,2023,Base,69662
5848,Used,2023,Base,60990
15306,Used,2023,Premium,60000
18167,Used,2023,Base,54987
3834,Used,2023,Base,59986
10036,Used,2023,Base,57499
11766,Used,2023,Luxury,63991
1984,Used,2023,Luxury,62887
12088,Used,2023,Base,59944
17447,Used,2023,Base,57988
23766,Used,2023,Premium,54988
12718,Used,2023,Base,58798
4633,Used,2023,Premium,64988
12622,Used,2023,Luxury,64988
32723,Used,2023,Base,55991
15761,Used,2023,Luxury,59800
3518,Used,2023,Base,58000
18906,Used,2023,Base,56900
2551,Used,2023,Base,61369
17624,Used,2023,Luxury,65608
2800,Used,2023,Premium,62000
24314,Used,2023,Base,55891
8000,Used,2023,Premium,63000
23317,Used,2023,Base,56034
1782,Used,2023,Luxury,65000
4681,Used,2023,Base,63497
5750,Used,2023,Premium,59988
10971,Used,2023,Premium,63995
743,Used,2023,Base,59998
1399,Used,2023,Base,60988
10197,Used,2023,Base,54995
22563,Used,2023,Luxury,62988
9076,Used,2023,Base,59353
25349,Used,2023,Base,60458
7445,Used,2023,Base,60991
0,New,2023,Base,67060
3444,Used,2023,Premium,58942
26112,Used,2023,Luxury,64510
39135,Used,2023,Luxury,61498
38385,Used,2023,Base,56811
1561,Used,2023,Luxury,66988
3734,Used,2023,Base,58998
5624,Used,2023,Base,62998
3366,Used,2023,Luxury,65995
0,New,2023,Base,59229
0,New,2023,Luxury,74215
4568,Used,2023,Base,62599
1861,Used,2023,Premium,58995
13226,Used,2023,Luxury,65195
11188,Used,2023,Base,59500
1038,Used,2023,Base,62465
21579,Used,2023,Luxury,67000
5535,Certified,2023,Base,63888
12696,Used,2023,Luxury,62896
33576,Used,2023,Base,55366
4340,Used,2023,Premium,60900
4057,Certified,2023,Base,65998
19205,Certified,2023,Base,62488
0,New,2023,Base,62200
16904,Certified,2023,Luxury,70998
48845,Used,2023,Luxury,58888
7698,Used,2023,Base,62495
21149,Used,2023,Base,58387
0,New,2023,Base,62145
6681,Certified,2023,Luxury,73998
0,New,2023,Luxury,70152
12441,Used,2023,Premium,59599
0,New,2023,Base,62410
4779,Used,2023,Base,59900
10130,Used,2023,Premium,59980
2799,Used,2023,Base,57999
0,New,2023,Base,62191
8440,Used,2023,Base,63990
10421,Used,2023,Base,59647
5915,Used,2023,Base,57000
15353,Used,2023,Luxury,59987
28057,Used,2023,Base,54000
0,New,2023,Base,61645
0,New,2023,Base,63340
7521,Used,2023,Base,60788
9661,Used,2023,Base,66281
8541,Used,2023,Premium,60999
27159,Used,2023,Base,57988
10997,Used,2023,Base,57697
49491,Used,2023,Base,51990
0,New,2023,Luxury,73755
14783,Used,2023,Premium,58995
16969,Used,2023,Premium,58495
24275,Used,2023,Base,58998
14126,Used,2023,Base,58990
995,Used,2023,Base,58888
0,New,2023,Base,62145
4780,Used,2023,Base,61888
12128,Certified,2023,Base,62988
13470,Used,2023,Base,59500
7632,Used,2023,Luxury,71900
9408,Used,2023,Base,54837
27086,Used,2023,Base,54888
13125,Used,2023,Premium,61377
10808,Used,2023,Luxury,62900
9331,Used,2023,Base,60250
7106,Certified,2023,Base,63988
7204,Used,2023,Base,64998
17677,Used,2023,Base,60998
8180,Used,2023,Base,62255
8387,Used,2023,Base,57999
21785,Used,2023,Premium,54808
7949,Used,2023,Base,57452
11324,Used,2023,Base,58873
20372,Used,2023,Base,58500
748,Used,2023,Base,62526
0,New,2023,Base,66340
5236,Used,2023,Base,56900
0,New,2023,Base,67090
14763,Used,2023,Base,59998
0,New,2023,Base,64535
1928,Used,2023,Base,59997
16713,Used,2023,Premium,57977
11662,Used,2023,Premium,56983
9770,Used,2023,Base,58943
7713,Used,2023,Base,59459
9599,Used,2023,Premium,60000
0,New,2023,Premium,63140
0,New,2023,Base,63955
11303,Used,2023,Luxury,59436
13971,Used,2023,Base,55899
16663,Used,2023,Base,55990
26765,Used,2023,Luxury,64988
3684,Used,2023,Base,60998
15309,Used,2023,Premium,54790
36295,Used,2023,Base,55000
9190,Used,2023,Base,59998
6498,Used,2023,Base,63975
8988,Used,2023,Base,58991
30281,Used,2023,Base,57695
2950,Used,2023,Premium,60488
21439,Certified,2023,Base,59488
0,New,2023,Base,63844
12421,Certified,2023,Base,62988
17271,Used,2023,Base,59991
8589,Used,2023,Premium,63888
14954,Certified,2023,Base,61488
32001,Used,2023,Premium,57316
32400,Used,2023,Luxury,62850
5142,Used,2023,Luxury,68995
29350,Used,2023,Luxury,61750
4203,Used,2023,Base,60998
6360,Used,2023,Base,59876
6832,Used,2023,Base,58000
30139,Used,2023,Base,55800
7460,Used,2023,Base,60991
23278,Used,2023,Luxury,62899
105594,Used,2014,Premium,25595
105332,Used,2014,Base,24990
123663,Used,2014,Luxury,24999
115219,Used,2014,Base,22998
154030,Used,2014,Base,21100
91256,Used,2014,Base,25999
0,New,2015,Base,25987
110057,Used,2015,Base,24998
62003,Used,2015,Base,31996
165965,Used,2015,Base,23999
152015,Used,2015,Base,22100
0,Used,2015,Base,23695
75957,Used,2015,Base,29643
109091,Used,2015,Base,26400
148787,Used,2015,Base,24299
62370,Used,2015,Base,27850
101486,Used,2015,Base,25500
187500,Used,2015,Base,19903
83107,Used,2015,Base,25899
76321,Used,2016,Base,28000
100085,Used,2016,Base,24899
76642,Used,2016,Base,26980
50082,Used,2016,Base,36500
202025,Used,2016,Base,24436
98856,Used,2016,Base,34995
139581,Used,2016,Base,24900
106667,Used,2017,Base,27961
77032,Used,2017,Base,32999
136228,Used,2017,Luxury,26500
64061,Used,2017,Base,30988
76285,Used,2017,Base,29000
0,Used,2017,Base,32060
64715,Used,2017,Base,32864
73122,Used,2017,Base,31291
83222,Used,2017,Base,26888
89583,Used,2017,Base,28455
98530,Used,2017,Base,27500
49214,Used,2018,Base,35900
106982,Used,2018,Base,27999
47312,Used,2018,Base,33499
70987,Used,2018,Base,31800
1,Used,2018,Base,36873
42983,Used,2018,Base,35990
87656,Used,2018,Luxury,32991
74376,Used,2018,Base,31985
88315,Used,2018,Base,28899
86567,Used,2018,Base,30993
93971,Used,2018,Luxury,34916
85225,Used,2018,Base,31786
108177,Used,2018,Base,30995
68989,Used,2019,Base,33999
70536,Used,2019,Base,34999
52195,Used,2019,Base,35900
99875,Used,2019,Base,36162
49657,Used,2019,Base,36450
25776,Used,2019,Base,39846
63448,Used,2019,Base,33990
52073,Used,2019,Base,36999
35195,Used,2019,Base,38428
45220,Used,2019,Base,39999
68852,Used,2019,Base,35991
41217,Used,2019,Luxury,40811
95378,Used,2019,Premium,30950
41341,Used,2019,Base,33990
59200,Used,2019,Luxury,39509
25323,Used,2019,Base,43589
57496,Used,2019,Base,36500
81510,Used,2019,Premium,31600
57134,Used,2019,Premium,35480
71782,Used,2019,Base,33777
60392,Used,2019,Premium,34988
52632,Used,2019,Base,37699
69905,Used,2019,Base,30988
75552,Used,2020,Base,34896
45523,Used,2020,Premium,45950
33507,Used,2020,Base,44299
54210,Used,2020,Premium,40448
41369,Certified,2020,Base,49988
28424,Used,2020,Base,40000
45022,Used,2020,Base,41633
70771,Used,2020,Base,37997
60704,Used,2020,Base,39883
56781,Used,2020,Base,41988
49683,Used,2020,Base,38241
85399,Used,2020,Premium,38000
41957,Used,2020,Premium,44940
28281,Used,2020,Base,49999
42810,Used,2020,Base,42820
46148,Used,2020,Premium,44880
53773,Used,2021,Luxury,51950
26590,Used,2021,Base,49983
27123,Used,2021,Base,48981
32004,Used,2021,Base,48998
25046,Used,2021,Base,49998
67968,Used,2021,Luxury,46894
46997,Used,2021,Base,49716
34260,Used,2021,Base,43846
33071,Used,2021,Base,45900
43000,Used,2021,Base,45356
30681,Used,2021,Base,45739
51134,Used,2021,Base,41989
35601,Used,2021,Base,46999
29614,Used,2021,Base,49998
11886,Used,2021,Premium,48168
24528,Used,2021,Premium,46997
26995,Used,2021,Base,48100
33748,Used,2021,Premium,47900
10120,Used,2021,Base,49990
27488,Used,2021,Premium,46999
39750,Used,2021,Premium,48000
45003,Used,2021,Base,44988
39804,Used,2021,Base,46985
15233,Used,2021,Base,46509
44125,Used,2021,Base,44900
41622,Used,2021,Base,50910
38800,Used,2021,Base,50564
41260,Used,2021,Base,48590
42532,Used,2021,Base,46990
37411,Used,2021,Base,49940
18651,Used,2021,Base,45000
36566,Used,2021,Premium,44897
34952,Used,2021,Base,42904
43555,Used,2021,Base,47950
24881,Used,2021,Base,49000
0,New,2022,Base,64335
42874,Used,2022,Base,50490
27453,Used,2022,Luxury,55890
17635,Used,2022,Luxury,57517
34790,Used,2022,Base,52495
20830,Used,2022,Base,54064
25546,Used,2022,Base,52833
41460,Used,2022,Base,53967
26701,Used,2022,Premium,53799
20106,Used,2022,Base,55200
45401,Used,2022,Base,48999
40348,Used,2022,Base,52742
19885,Used,2022,Luxury,55998
44269,Used,2022,Luxury,53751
13995,Used,2022,Premium,56023
7455,Used,2022,Base,57598
28293,Used,2022,Base,50136
61368,Used,2022,Base,52978
38949,Used,2022,Base,52500
22086,Used,2022,Base,55000
31462,Certified,2022,Base,57998
27918,Used,2022,Base,52888
26518,Used,2022,Base,54991
0,New,2023,Base,65100
0,New,2023,Luxury,73960
0,New,2023,Base,64550
0,New,2023,Base,65075
0,New,2023,Base,67340
0,New,2023,Base,67175
0,New,2023,Base,64945
0,New,2023,Luxury,72275
0,New,2023,Base,62505
0,New,2023,Base,66820
0,New,2023,Base,65395
0,New,2023,Base,65540
0,New,2023,Base,67770
0,New,2023,Base,67340
0,New,2023,Base,59945
0,New,2023,Luxury,73960
0,New,2023,Base,68115
0,New,2023,Base,68115
0,New,2023,Base,68115
0,New,2023,Base,64780
0,New,2023,Base,66925
0,New,2023,Base,60024
0,New,2023,Base,58107
0,New,2023,Base,67490
0,New,2023,Base,64385
0,New,2023,Base,65510
0,New,2023,Base,61510
0,New,2023,Premium,65005
9,Used,2023,Luxury,67488
8438,Used,2023,Base,62495
26344,Used,2023,Base,61871
7953,Used,2023,Base,59990
5,Used,2023,Base,65390
3178,Used,2023,Base,59500
2,Used,2023,Base,64900
32191,Used,2023,Luxury,62999
5,Used,2023,Base,63855
14347,Used,2023,Base,60097
6657,Used,2023,Base,59500
25815,Used,2023,Premium,60999
21905,Used,2023,Luxury,67790
15184,Used,2023,Premium,59976
20178,Used,2023,Luxury,62972
20031,Used,2023,Base,60895
9098,Used,2023,Base,58998
0,New,2023,Base,64450
9,Used,2023,Base,59488
3,Used,2023,Base,62888
3030,Used,2023,Premium,60597
5,Used,2023,Base,62630
11211,Used,2023,Luxury,62856
13373,Used,2023,Luxury,62599
9074,Used,2023,Base,58500
13725,Used,2023,Base,61950
25028,Used,2023,Base,57119
2243,Used,2023,Base,60985
13622,Used,2023,Base,59888
7285,Used,2023,Base,61860
8082,Used,2023,Premium,56990
14855,Used,2023,Base,54777
2631,Used,2023,Premium,55990
